{
  "averageYield": 25,
  "sqrtArea": [
    1,
    1.4142135623730951,
    1.7320508075688772,
    2
  ]
}
